题号,题干,A,B,C,D,E,答案,难度,题型
1,"以（	）保障中华民族共同体建设。",政治建设,社会建设,文化建设,经济建设,,A,无,单选题
2,"（	）及其制度实践，为铸牢中华民族共同体意识提供了历史文化传统，奠定了中华民族共同体交往交流交融的历史逻辑。",儒家思想,礼俗文化,典章制度,大一统理念,,D,无,单选题
3,"中华民族作为自觉的民族实体，是在近代中国反抗帝国主义的过程中形成的；而作为（	）的民族实体，则是在中国悠久历史中形成和发展起来的。虽然“中华民族”的概念明确出现在近代，但作为民族实体，中华民族已存在发展了数千年，具有深厚的历史基础。",自强,自在,自发,自为,,B,无,单选题
4,"引导各族人民增强国家意识、公民意识、（	），这是铸牢中华民族共同体意识的重要内容。",民族意识,法治意识,身份意识,现代意识,,B,无,单选题
5,"铸牢中华民族共同体意识，就是要引导各族人民牢固树立（	）的共同体理念。",休戚与共、荣辱与共、生死与共、患难与共,休戚与共、荣辱与共、生死与共、命运与共,休戚与共、患难与共、生死与共、命运与共,休戚与共、荣辱与共、患难与共、命运与共,,B,无,单选题
6,"民族融合正是民族生命力的体现，是社会主义目的之所在。要想民族融合，必要政治统一，必要人心相通，必须（	）。",一族一国,建设真正的共同体,不分彼此,民族文化自治,,B,无,单选题
7,"1902 年，（	）最早提出“中华民族”概念。",费孝通,李大钊,梁启超,毛泽东,,C,无,单选题
8,"习近平总书记在 2024 年全国民族团结进步表彰大会上指出，各民族（	），是中华民族共同体形成和发展的历史根基。",血脉相融,文化相通,信念相同,情感相亲,,A,无,单选题
9,"2021 年中央民族工作会议指出，要正确把握共同性和差异性的关系，增进共同性、（	）差异性是民族工作的重要原则。",弱化和消除,尊重和包容,强化和固化,消除和忽视,,B,无,单选题
10,"中华民族共同体意识的提出，是为了应对（	）。",民族领域可能发生的风险挑战,经济发展,社会变革,文化冲突,,A,无,单选题
11,"中华文明的突出特性包括（	）。",连续性、创新性、统一性、包容性、多样性,连续性、创新性、统一性、包容性、和平性,多样性、创新性、统一性、包容性、和平性,连续性、多样性、统一性、包容性、和平性,,B,无,单选题
12,"习近平总书记在民族工作领域把马克思主义基本原理同（	）相结合、同中华优秀传统文化相结合，提出了以铸牢中华民族共同体意识为标志的一系列重大原创性论断，形成了习近平总书记关于加强和改进民族工作的重要思想，推动了马克思主义民族理论中国化时代化。",时事政治,世界格局,中国具体实际,中国现状,,C,无,单选题
13,"只有铸牢中华民族共同体意识，才能构筑起维护（	）的坚固长城。",国家统一和民族团结,经济发展和社会进步,国际地位和全球影响力,文化繁荣和科技创新,,A,无,单选题
14,"铸牢中华民族共同体意识是新时代党的民族工作的（	），是民族地区各项工作的（	）。",支线 支线,支线 主线,主线 主线,主线 支线,,C,无,单选题
15,"习近平总书记关于加强和改进民族工作的重要思想集中体现为（	）。",“四个共同”,“四对关系”,“四个与共”,“十二个必须”,,D,无,单选题
16,抗日战争时期，顾颉刚提出（ ），强调应在一个统一国家意义上定义中华民族。 A.中华民族多元一体,,中华民族是一个,全民抗日，一致对外 D.实现中华民族之复活,,,B,无,单选题
17,增进（ ），尊重和包容差异性是民族工作的重要原则。 A.融汇性,,共同性 C.同质性 D.一体性,,,,B,无,单选题
18,中国特色解决民族问题的正确道路的关键是（ ）。 A.守住“根脉”,,坚持“魂脉” C.创新发展 D.“两个结合”,,,,D,无,单选题
19,"铸牢中华民族共同体意识的核心任务是引导各族人民坚定对（	）的认同。",中华民族,中国特色社会主义,中华文化,伟大祖国,中国共产党,ABCDE,无,多选题
20,"做好民族工作,要重点把握的关系包括（	）。 A.正确把握共同性和差异性的关系",,正确把握中华民族共同体意识和各民族意识的关系 C.正确把握中华文化和各民族文化的关系,,正确把握物质与精神的关系,,ABCD,无,多选题
21,"马克思主义民族理论是一个开放的、发展的理论体系。（	）是其基本主题。",民族解放,民族平等,民族融合,民族自治,民族团结,ABCE,无,多选题
22,"铸牢中华民族共同体意识，就要引导各族群众牢固树立正确的（	）。",文化观,宗教观,历史观,民族观,国家观,ABCDE,无,多选题
23,"习近平总书记在 2024 年全国民族团结进步表彰大会上提出“五个共同”的中华民族历史观。以下说法正确的是（	）。",各民族共同铸就了伟大的发展成果,各民族共同书写了辉煌的中国历史,各民族共同培育了伟大的民族精神,各民族共同缔造了统一的多民族国家,,BCD,无,多选题
24,"中华民族加上“共同体”三个字，鲜明体现的时代意蕴与现实指向包括（	）。 A.更加彰显中华民族的统一性、共同性与不可分割性",,更加凸显中华民族多元一体格局 C.更加有力地推进中国式现代化,,更加坚定地引领新时代党的民族工作前进方向,,ABCD,无,多选题
25,"中华民族共同体的理论渊源主要包括以下(	)方面？ A.西方共同体理论",,马克思主义理论 C.大一统历史传统,,“两个结合”理论成果,,BCD,无,多选题
26,青藏高原隆升导致三级阶梯式地貌的出现，在阶梯过渡带及海陆交接处形成的西北荒漠绿洲交错带、西南农林交错带、东部海陆交错带、北方农牧交错带，这一复杂的地理结构同时孕育了中华民族向内凝聚的（ ）与对外开放的包容性。,同一性,统一性,复合性,均一性,,B,无,单选题
27,（ ）是中华民族共同体形成的基础，（ ）是中华民族共同体形成的主脉。,国家 文化,国家 文明,文明 国家,文化 国家,,C,无,单选题
28,习近平总书记关于加强和改进民族工作的重要思想中，提出了（ ）命题。,民族独立,民族自决,铸牢中华民族共同体意识,民族自治,,C,无,单选题
29,（ ）具有超越方言差异的稳定结构，使得中国保持相当一致的文化连续性。,汉语,汉字,书法,官话,,B,无,单选题
30,以铸牢中华民族共同体意识为主线，完整、准确、全面学习领会和贯彻落实习近平总书记关于加强和改进民族工作的重要思想，是做好新时代民族工作的（ ）。,思想,唯一工作,核心,根本遵循,,D,无,单选题
31,（ ）是超越“邦”“国”概念的超大规模共同体，既是政治与文化共同体，也是经济与社会共同体。,“中国”,“四海之内”,“天下”,“中原”,,C,无,单选题
32,（ ）的天下观是华夏居中、四夷居边，但四夷在历史上屡屡从边疆走到中央。,“五方之民”,“四海之内皆兄弟”,“天下为公”,“协和万邦”,,A,无,单选题
33,多元一体之（ ），反映了中华民族和中华文明内部的多样性和丰富性。,“元”,“体”,“多”,“一”,,A,无,单选题
34,多元一体之（ ），反映了各民族在政治、文化等各个层面的共同性和统一性。,“元”,“多”,“一”,“体”,,D,无,单选题
35,我们讲中华民族多元一体格局，一体是主线和方向，多元是（ ），两者辩证统一。,主流和本质,要素和动力,分散和聚合,原因和结果,,B,无,单选题
36,以下关于中华民族多元与一体的关系，说法正确的是（ ）。,一体离不开多元,多元与一体难以兼容,一体包含多元,多元组成一体,多元离不开一体,ACDE,无,多选题
37,一百多年来，中国共产党始终把（ ）作为自己的初心使命，带领中华民族从站起来到富起来到强起来，实现了中华民族从自觉到自强的历史性转变。,为中华民族谋复兴,为中华民族谋未来,为中国人民谋幸福,为中国人民谋生活,为中国社会谋发展,AC,无,多选题
38,复杂的地理结构亦催生出各经济区域共存互惠的经济结构。（ ）彼此依赖，具有极强的功能互补性，抱团发展更能抵御灾异、耐受冲击。,西南农林区,黄河旱作农业区,草原畜牧区,江南稻作农业区,东北农牧区,ABCDE,无,多选题
39,中华民族的长期延续与繁荣，离不开作为凝聚核心的（ ）；中华民族不断变革求新，离不开“（ ）”之功。,华夏,中原,大夷,边疆,,AC,无,多选题
40,中华文明是（ ）融聚一体的复合型文明。,农耕文明,海洋文明,平原文明,草原文明,,ABD,无,多选题
41,即便在历史上最孱弱的时期，中华民族也没有分崩离析，靠的就是（ ）的共同信念。,国土不可分,民族不可散,国家不可乱,文明不可断,,ABCD,无,多选题
42,伴随着从秦汉至明清的古代大一统国家的演进，中华民族的（ ）在更深与更广的不断交替中发展前行，即使在分裂时期也从未停止。,文化共同性,经济共同性,政治共同性,社会共同性,,ABCD,无,多选题
43,在多元互动的早期中华文化圈内部，形成了一个以中原文化为核心，包括不同经济文化类型和不同文化传统的分层次联系的（ ）似的格局。这奠定了中华民族多元一体格局的基础。,平瓣花朵,复瓣花朵,单瓣花朵,重瓣花朵,,D,无,单选题
44,"（	）的建立是史前文化从诞生到“早期中华文化圈”形成，再到中华文明起源，最后统一于广域王权国家的结果。中华文明从此进入成熟的“王国文明”阶段。",夏王朝,周王朝,商王朝,秦王朝,,A,无,单选题
45,进入新石器时代，农业技术支撑下的定居出现，中华文化遍地开花，多区域文化交往交流逐步加深，统一性不断加强，以彩陶和（ ）为纽带的共同文化符号联结起今天中国的大部分地区。,玉器,铁器,金器,石器,,A,无,单选题
46,"以下哪个遗址出土的石器技术被称为“小型石片石器技术”？（	）",内蒙古金斯太洞穴遗址,浙江长兴古城墙遗址,四川稻城皮落遗址,陕西蓝田上陈遗址,,D,无,单选题
47,"距今 5000 年左右，各地出现复杂的社会组织和建立在血缘基础上的政治共同体，中华文明（	），进入万邦林立的“古国文明”阶段。",接续发展,正式形成,初见雏形,尚在发育,,B,无,单选题
48,"距今 4300 年前后，（	）的中原“古国”崛起，加速了中华民族社会一体化进程。",黄河中游,淮河流域,长江下游,汉江流域,,A,无,单选题
49,"距今 1 万年左右，长江下游地区和华北山麓地带的中华先民率先进入（	），磨制石器、陶器以及明显的农业与定居迹象出现了。",新石器时代,旧石器时代,王国时代,邦国时代,,A,无,单选题
50,（ ）创造出了一套包括玉琮、玉钺、玉璧在内的玉礼器系统。以其为载体的精神信仰已得到了全社会的广泛认同，同时，这也显示出一种建立在等级分化基础之上的规范化用玉制度业已形成。,良渚先民,红山文化先民,江西仙人洞先民,浙江上山先民,,A,无,单选题
51,"距今约 4100 年前，（	）的建立标志着万千邦国族属进一步汇聚交融的新起点？",商王朝,秦王朝,夏王朝,周王朝,,C,无,单选题
52,"下列说法正确的是（	）。",中华文明和中华民族多元一体格局可以追溯到遥远的史前时期,随着农业、制陶技术的发展，人口激增，定居聚落产生，为早期中华文化圈的孕育准备了条件,中华文化圈的起源和早期发展过程，就是中华民族共同体的起源和早期发展过程,新石器时代不同文化区之间并未发生交流,,ABC,无,多选题
53,"以下哪些属于史前时期中华文明的技术创新？（	）",复合陶范铸铜器技术,制玉和制酒技术,农作物的驯化,铁制农具革新,陶器的发明,ABCE,无,多选题
54,"以下哪些神话故事，彰显出中华先民的创新意识和创新能力？（	）",仓颉造字,神农尝百草,大禹治水,燧人取火,,ABCD,无,多选题
55,"以（	）为核心的文化互动圈，具有强烈辐射力，今天的西藏、新疆、内蒙古东部、东",淮河流域,黄河中下游,长江中下游,汉水流域,,BC,无,多选题
56,"我国将夏朝之前称为“史前时代”或“史前时期”，它包括以打制石器为特征的（	）和以磨制石器为特征的（	）。",旧石器时代,后石器时代,前石器时代,新石器时代,,AD,无,多选题
57,"伟大祖国拥有连续不断的（	）。",两千年民族史,五千多年文明史,一万年文化史,百万年人类史,,BCD,无,多选题
58,"哪些是早期中华文化圈形成与发展的重要因素？（	）",政治共同体的建立,苏美尔文明的入侵,人口激增与定居聚落的产生,形成了一定范围的文化区和区域交流,农业技术的发展,ACDE,无,多选题
59,"商朝的甲骨文主要用于记载（	）。",占卜内容,历史事件,法律条文,文学作品,,A,无,单选题
60,周朝为了建立稳定的政治秩序，实行（ ），册命了数量众多的诸侯，分赴各地建立邦国。,册封制,册命制,均田制,分封制,,D,无,单选题
61,"战国时期，（	）最终实现了天下一统。",赵国,秦国,楚国,齐国,,B,无,单选题
62,"华夏共同体的基本框架在（	）确立。",秦汉时期,夏商周时期,春秋时期,战国时期,,B,无,单选题
63,"周人用（	）将天下各族融合为一个政治实体，以“天命之转移”解释王朝更替。",“华夷观”,“天人合一观”,“天下观”,“天命观”,,D,无,单选题
64,商朝“王畿”之外是“四土”，包括（ ）。,东土,西土,南土,北土,,ABCD,无,多选题
65,“周道”覆盖范围包括（ ）活跃的区域。,“东夷”,“西戎”,“南蛮”,“北狄”,,ABCD,无,多选题
66,"商朝和西周都实行（	），各族群间的交往交流不断加深。",灵活开放的族群治理政策,分封制,文化融合,社会大融合,,AB,无,多选题
67,下列表述正确的是（ ）。,在中原核心区，分布着诸多不同族源的邦国，自称为“夏”或“华”，形成了具有共同文化认同的“诸夏”,春秋战国时期，分裂带来的战乱让“统一”越发成为各邦族的共同追求,夏商周三代，王朝疆域逐步缩小,经由夏商周三代不断治理与巩固，中原地区成为中华文明的核心区,,ABD,无,多选题
68,"东周是历史上群雄争霸追求一统的动荡时期，大致分为（	）时期。",战国,殷商,春秋,北魏,,AC,无,多选题
69,"西周时期，（	）等措施促进了华夏共同体的发展。",周礼秩序,“周道”路网,分封制,严格的族群隔离政策,跨族群通婚,ABCE,无,多选题
70,"黄帝成为各族“共祖”说明了（	）。",各族群的文化认同,文化同质化,族群间的血缘融合,华夏共同体的形成,政治统一的需要,ACD,无,多选题
71,"（	）指将郡国给朝廷的贡品交由均输官转运各地贩卖，以此增加政府收入。",保甲法,平准法,均输法,青苗法,,C,无,单选题
72,"汉朝的建立者是（	）。",刘邦,刘秀,秦始皇,王莽,,A,无,单选题
73,"（	）是将皇族女性嫁给对方，以改善双方关系的一种政治结盟方式。",“朝贡”,“和亲”,“纳质”,“册封”,,B,无,单选题
74,"汉武帝推行“推恩令”的直接目的是(	)。",剥夺封国封地,分散封国力量,加强诸侯势力,收回封国官吏任免权,,B,无,单选题
75,秦统一后，非常重视规范社会风俗，推动（ ），用统一的伦理纲常规范各地民众行为，从而达到“六合同风，九州共贯”之效。,“车同轨”,“行同伦”,“书同文”,“量同衡”,,B,无,单选题
76,"秦汉大一统政权在东汉后期开始衰落，但秦汉制度与文化 400 余年的浸润与辐射，创造了任何政治军事分裂都无法动摇的中华认同，开启了迁徙族群（	）进程。",“去中心化”,“汉化”,“中华化”,“中心化”,,C,无,单选题
77,"六国一统后，建立了中国历史上第一个中央集权的大一统王朝，这个王朝被称为（	）。",秦朝,周朝,汉朝,商朝,,A,无,单选题
78,"秦汉社会生活的重塑源自社会基层组织的重组，(	)发挥着至关重要的作用。",“编户齐民”制度,均田制,保甲制度,井田制,,A,无,单选题
79,"秦汉时期，以下哪些措施对后世大一统王朝产生了深远影响？（	）",活跃关市,修建道路,统一货币,以上所有选项,,D,无,单选题
80,两汉时，（ ）因讳刘邦之名改称“属国”。,“邦国”,“臣邦”,“封国”,“属邦”,,D,无,单选题
81,"秦朝统一后，推行的政策中不包括（	）。",车同轨,量同衡,行同语,书同文,,C,无,单选题
82,后世常常用（ ）来形容天下统一、社会大治，就在于秦汉时期的这一文教政策推动并彰显了大一统政治建构，对形成中华民族共同的文化心理产生了深远影响。,“量同衡”,“书同文”,“行同伦”,“车同轨”,,B,无,单选题
83,"秦汉建立的中央集权（	），奠定了大一统的制度基础。",行省制,州郡制,分封制,郡县制,,D,无,单选题
84,中华大地上不同区域、不同族源、不同风俗文化的多个古代人群融为一体，“各地文化共塑中原文化、中原文化反哺各地文化”的（ ）模式奠定了历代多民族大一统王朝的文化发展路径。,秦汉,隋唐,夏商,商周,,A,无,单选题
85,"秦代规格最高的道路是（	）。",驰道,五尺道,驿道,直道,,A,无,单选题
86,"秦朝通过推行（	）的治理体系，构筑了各民族交往交流交融的历史主基调。",书同文,量同衡,行同伦,车同轨,,ABCD,无,多选题
87,"下列说法正确的是（	）。",秦朝建立书同文、车同轨、量同衡、行同伦的国家治理体系,秦汉建立并巩固了中央集权制度体系，设置由中央政府直接管理的郡县,汉朝确立了以儒家思想为主导的国家文化形态,正是在秦汉时期，中华大地上不同区域、不同族源、不同风俗文化的多个古代人群融为一体，“自在的”中华民族开始形成,,ABCD,无,多选题
88,"秦汉时期，以下哪些措施有助于加强中央集权？（	）",增加地方自治权,统一货币、法律,修建道路,推行郡县制,实行分封制,BCD,无,多选题
89,"汉朝汲取七国所长，将(	)等融为一体，最终形成稳定的大一统制度体系，奠定了两千余年统一王朝的基本法度，并塑造了中华民族独特的社会和文化结构。",燕赵的军事制度,楚国的文化艺术,鲁国的儒家思想,齐国的黄老之术与管子的经济思想,韩魏的纵横刑名,ABCDE,无,多选题
90,"以下哪些地区被纳入了秦朝的疆域？（	）",印度半岛,甘肃东部及四川、云南等地,蒙古高原南缘,日本群岛,朝鲜半岛西北部,BCE,无,多选题
91,"(	)是魏晋南北朝时期的历史主流。",“华夷化”,“中国化”,“中华化”,“夷狄化”,,C,无,单选题
92,在法治思想上，北魏律也深受汉代以来（ ）趋势之影响，遵循汉魏以来礼法结合的精神，具有鲜明的礼的色彩。,伊儒会通,儒法合流,儒释合流,道法合流,,B,无,单选题
93,"不属于魏晋南北朝时期北方族群融合结果的是（	）。",胡汉杂居,诸胡杂居,政治分裂,族群结构变化,,C,无,单选题
94,"所谓（	），是指统治者无论华夷，只要敬德保民就能获得天命。",五行学说,五德终始说,天人合一论,天命授受论,,D,无,单选题
95,"北魏统一北方是在（	）年。",484,439,493,577,,B,无,单选题
96,魏晋南北朝时期（ ）兴盛，我们熟知的大同云冈石窟、洛阳龙门石窟、敦煌莫高窟等都是从魏晋南北朝时期开始开凿的。,道教,儒教,伊斯兰教,佛教,,D,无,单选题
97,"魏晋南北朝时期文化交融的体现不包括（	）。",道教的发展,儒家文化的衰退,胡汉文化的交融,佛教的流行,,B,无,单选题
98,401 年，（ ）历经千辛万苦来到长安，建立译场，译佛经数百卷。他和南朝真谛、唐朝玄奘并称为我国佛教三大翻译家。,佛图澄,鸠摩罗什,慧远,陈诚,,B,无,单选题
99,"不属于魏晋南北朝时期北方族群融合政权的是（	）。",北魏,前秦,西晋,后赵,,C,无,单选题
100,"魏晋南北朝时期大约持续了（	）年。",近 370 年,近 600 年,近 200 年,近 500 年,,A,无,单选题
101,魏晋南北朝时期是多政权对峙时期，但（ ）和文化交融是这一时期发展的时代特色。,战乱冲突,族群矛盾,族群交融,社会分化,,C,无,单选题
102,"魏晋以来，大量北方族群南迁，深入中原地区，突破了（	）的地理畛域，打破了“裔不谋夏，夷不乱华”的中心与边缘的分布格局。",内诸夏而外夷狄,夷夏之变,夷夏同源,夷狄不入中原,,A,无,单选题
103,"所谓（	），是按照五行相生之说，用木、火、土、金、水五德循环来推演王朝历运行次的理论。",“五行学说”,“天命授受论”,“五德终始说”,“天人合一论”,,C,无,单选题
104,"“五胡”入华与中华民族大交融主要发生在（	）时期。",魏晋南北朝时期,秦汉时期,宋元时期,隋唐时期,,A,无,单选题
105,"为解决“自古无胡人为天子者”这一根深蒂固的观念，掌握政权之后的胡人君主主动认同华夏祖源，确立了脉络清晰的（	）历史叙事。",胡汉交融,夷夏同源,同文同种,同宗共祖,,B,无,单选题
106,尽管对立政权互相攻伐引发的战争给天下百姓带来深重苦难和精神创伤，但南北各政权,对大一统的追求,对中华正统的竞逐,对中华文化的认同,对夷夏之分的重视,,ABC,无,多选题
107,"“五胡”建立的政权都经历了（	）的中华化的进程。",“礼法”治国,“经史”记国,“郡县”理国,“汉号”立国,,ABCD,无,多选题
108,"魏晋南北朝时期文化发展的特点包括（	）。",佛教与儒家忠孝伦理的冲突与融合,族群文化的单向传播,儒释道文化的交融,多族群共享宗教信仰的形成,夷夏共祖的历史书写,ACDE,无,多选题
109,"下列关于魏晋南北朝时期的表述正确的是（	）。",各政权在“中华正统”的竞争之下，政治制度与政治文化趋同，进一步扩大了“中华”认同的范围,中原王朝赐予胡人首领爵位、封号等方式，也被当时的胡人政权所承袭,“五胡”政权由多族群参与，建有胡汉杂糅的官僚体制,“五胡”首领建国时主动采纳汉式国号，并不突出“族性”，体现出“五胡”自觉认同与继承中华文明,,ABCD,无,多选题
110,"拓跋鲜卑建立的北魏政权及其后继者（西魏-北周）更以改革创新精神，融合胡汉，开启了(	)等体现大一统精神的制度革新。",分封制,府兵制,三长制,均田制,,BCD,无,多选题
111,"“五胡”政权实行的人口政策，是更彻底的（	）。",大分散,大融合,大编户,大迁徙,,BCD,无,多选题
112,"下列选项中属于魏晋南北朝时期社会变迁中的结构重组的是（	）。",南北族群的双向迁徙,社会阶层结构与基层组织结构的大调整,南方族群的编户化,政治统一,北方部落制的解体,ABC,无,多选题
113,"隋唐的（	）制度，打破了门阀士族对人才的垄断和限制，为促进各族人才参与国家治理发挥了积极作用。",府兵制,科举制,租庸调制,均田制,,B,无,单选题
114,"安史之乱揭示出，要实现民族不可散，首先要实现国家不可乱；要实现国家不可乱，首要是维护（	）不可变。",封建统治,中央集权,大一统体制,君主专制,,C,无,单选题
115,"唐代前期，（	）的族群观逐渐被“安辑夷夏，九服同轨，六合一家”的族群观取代。",华夷一体,华夷之辨,中外一家,严夷夏之防,,D,无,单选题
116,"隋唐大一统政治体制的重构，强化了不同区域间的经济联系，呈现出（	）的特征。",胡汉一家,华夷共生,中外会通,天下共主,,B,无,单选题
117,"隋唐结束了魏晋以来政治分裂、社会动荡的乱局，重建了（	）的政治秩序，大一统的特征更为凸显。",天下共主,天下共君,天下共王,天下共存,,A,无,单选题
118,"均田制和租庸调制的推行极大地推动了北方内迁各族从（	）转化。",游牧向农耕,手工业向农业,农耕向游牧,游牧向手工业,,A,无,单选题
119,"隋唐王朝之所以能够成功重建中华一体的共同体，正是源于北朝与南朝文化的混合。隋唐总体上继承了北朝的“制度”与南朝的（	）。",“礼乐”,“风俗”,“文化”,“思想”,,A,无,单选题
120,"（	）是由回纥等草原族群主动要求开辟的。在这条道路上，唐朝共设置 68 个驿站，各驿站配备马匹和食物，方便驿使高效通往。",参天可汗道,丝绸之路,茶马古道,驿道,,A,无,单选题
121,"在唐王朝的支持下，（	）合六诏为一，统一洱海地区。",吐蕃,高句丽,南诏,渤海,,C,无,单选题
122,"（	）兼顾各个族群发展程度的不同和治理方式的差异，加强了中央对地方的行政管辖，对内地边疆一体化治理和族群交往交流交融起到推动作用。",均田制,租庸调制,郡县制,羁縻府州制,,D,无,单选题
123,"文成公主被派往（	）和亲。",突厥,吐蕃,蒙古,匈奴,,B,无,单选题
124,"唐朝时期，通过（	），将天下各族的有才之士汇聚到中央政府及其下辖的各级行政军事机构，为大一统王朝政治运行提供重要保障。",胡汉兼用的官僚体制,因俗而治,都护府制度,羁縻制度,,A,无,单选题
125,"在青藏高原，建立了统一吐蕃政权的松赞干布，主动与唐朝交往交流，以（	）等多种方式增进联系，互鉴交融。",纳质,榷场,和亲,战争,,C,无,单选题
126,"属于唐朝与周边族群交流方式的是（	）。",朝贡,战争,贸易,和亲,会盟,ABCDE,无,多选题
127,"隋唐五代，不同区域间社会经济文化交流频繁活跃，具体表现包括（	）。",唐朝时期，汉文在西域已成为一种盛行的语言文字,胡汉互鉴、胡风浸染,兼爱夷夏,唐蕃互动,,ABCD,无,多选题
128,"为恢复社会经济，唐武德七年（624），颁布了（	），以促进生产及保证租税的收入。",均田令,租庸调法,编户齐民,方田均税法,,AB,无,多选题
129,"属于唐朝时期文化交融表现的是（	）。",景教在中国的传播,服饰风格的交融,胡旋舞的流行,唐诗的题材扩展,,ABCD,无,多选题
130,"唐代，经济贸易繁荣离不开道路的修建。唐代，四通八达的道路网络包括（	）。",西南地区的五尺道和旄牛道,贯穿岭南的商路,通往中西亚的陆上丝绸之路,大运河,,ABCD,无,多选题
131,"辽宋夏金时期是中国向（	）发展的重要阶段。不同政权对“中国”的认同，为后来元朝重建大一统国家奠定了坚实的政治和文化认同基础。",一元,一体,离散,多元,,B,无,单选题
132,"正是由于辽朝、西辽的巨大影响及其对“中国”的认同，俄罗斯和中亚地区至今还以（	）指称中国。",“四海”,“契丹”,“中州”,“华夏”,,B,无,单选题
133,"高昌回鹘和于阗，上自王公贵族、下至底层民众，普遍信仰（	）。",伊斯兰教,儒教,道教,佛教,,D,无,单选题
134,"辽朝是由（	）耶律阿保机建立的。",女真人,党项人,契丹人,汉人,,C,无,单选题
135,"辽朝制度承续“中国”正统，在官制方面，将（	）和原有的部族制相结合，形成“官分南、北”的二元制，最终确立了中央集权制。",府兵制,土司制,州县制,行省制,,C,无,单选题
136,"（	）始终贯穿辽宋夏金时期历史发展的全过程，各政权为恢复大一统秩序而展开的一系列政治军事活动和社会文化事业，有力推动了边疆地区与中原地区的一体化整合。",离散性运动,重复运动,往复运动,内聚性运动,,D,无,单选题
137,"宋朝文学家在“唐宋八大家”中占有（	）。",六席,五席,四席,七席,,A,无,单选题
138,"山西朔州的佛宫寺释迦塔又称（	），始建于辽清宁二年，是我国现存建造最早且唯一的纯木构大塔，也是世界现存最高的古代木构建筑。",飞云楼,应县木塔,飞虹塔,千寻塔,,B,无,单选题
139,"辽宋夏金时期，（	）成为通用文字，一些政权还借鉴汉字创造文字，翻译儒家经典，进一步夯实了文化认同的基础。",西夏文,女真大字,汉字,契丹大字,,C,无,单选题
140,西夏仿汉字（ ）创制了西夏文。,甲骨文,小篆,隶书,六书,,D,无,单选题
141,"相传为南宋岳飞所写的（	），充盈着至死不灭“还我河山”的热望。",《木兰花》,《满江红》,《蕙香囊》,《题临安山水》,,B,无,单选题
142,"辽宋夏金时期，（	）成为凝聚各族群的共有精神纽带。",儒家思想,伊斯兰教思想,佛教思想,道教思想,,A,无,单选题
143,"澶渊之盟后，辽宋互称（	），“义同一家”，以兄弟相称。",“同盟”,“中国”,“南北朝”,“正统”,,C,无,单选题
144,"信仰伊斯兰教的喀喇汗王朝不仅称宋、辽为（	），其君主还自称桃花石汗。",“诸夏”,“中华”,“华夏”,“中国”,,D,无,单选题
145,"（	）货币流通于同一时期。",熙宁元宝,正隆元宝,五铢钱,光定元宝,统和元宝,ABDE,无,多选题
146,在辽、西夏、金的统治区域扩大而壮大农耕经济之前，契丹、党项、女真族群，早期都以,采集,游牧,渔猎,水培,农耕,BC,无,多选题
147,"辽宋夏金时期中华民族共同体的经济特征包括（	）。",农牧渔猎混合经济愈发普遍，经济生活方式多元化,“宋钱”在诸政权间流通广泛，促进了各政权的经济交融,各区域经济冲破政权并立的阻碍，形成互补共生的经济框架,官方主导的榷场贸易和民间走私活动频发，增强了经济生活的共同性和互补性,完全排斥外来文化，坚持封闭的自然经济,ABCD,无,多选题
148,辽宋夏金的“中国”认同，在制度实践上集中体现为共同遵循“中国之制”，即在（）等方面，继承隋唐以来的中华传统政治制度，为后世大一统行政制度的发展奠定基础。,律法,科举,礼制,行政,官制,ABCDE,无,多选题
149,辽宋夏金时期，诸政权的“战”是统一之战，“和”是（）之和。,“大一统”,“君臣”,“兄弟”,“甥舅”,,BCD,无,多选题
150,"元朝疆域一度最北至（	）。",渤海诸岛,琉球,蒙古草原,北海测影所,,D,无,单选题
151,"元朝结束了中华大地自唐末以来南北对峙长达数个世纪的分治局面，形成了（	）的中华民族发展新局面。",混一南北，胡汉一家,大分散、小聚居,多元一体,天下一家,,A,无,单选题
152,"终结辽宋夏金各政权分裂局面，最终再次实现大一统的，是由（	）奠定的蒙古汗国及其继承者（	）缔造的元朝。",忽必烈 铁木真,忽必烈 窝阔台,窝阔台 蒙哥,铁木真 忽必烈,,D,无,单选题
153,"从元朝开始，（	）正式纳入中央政府行政管辖范围。",岭南,福建,西藏,新疆,,C,无,单选题
154,"元朝在中央设置总制院，后改称（	），统管西藏和全国佛教事务。",宣政院,理藩院,北庭都元帅府,宣慰司,,A,无,单选题
155,"下列关于元朝说法错误的是（	）。",元朝是中国历史上首个由北方草原民族建立的完全统一中国的大一统王朝,元朝结束了中华大地自唐末以来南北对峙长达数个世纪的分治局面,多元一体的中华文明继续壮大，长期存在的夷夏对立观念仍是主流,中国历史的发展道路跳出了之前几度出现的“分久必合，合久必分”的传统轨迹,,C,无,单选题
156,"（	）的大量内迁是元代各族群跨地域分布杂居的典型代表，今北京海淀的魏公村即得名于元代该族群人聚居的村落。",契丹人,党项人,畏兀儿人,女真人,,C,无,单选题
157,"元朝时期，（	）被尊为“成吉思汗”。",窝阔台,忽必烈,蒙哥,铁木真,,D,无,单选题
158,"元朝在草原地区实行的（	）增强了北部边疆对统一多民族国家的政治向心力。",宗法制,行省制,分封制,郡县制,,B,无,单选题
159,"元朝是中国历史上首个由（	）建立的完全统一中国的大一统王朝。",藏族,满族,汉族,蒙古族,,D,无,单选题
160,"元世祖在其统治后期组织各族僧俗学者共同编撰的佛经目录学巨著《至元法宝勘同总录》，极大地推动了（	）佛教界彼此取长补短、相互学习的进程。",中原和西域,中原和吐蕃,中原和中亚,中原和蒙古草原,,B,无,单选题
161,"元朝的疆域包括以下哪些地区？（	）",阿尔泰山的额尔齐斯河中下游,南海诸岛,西伯利亚中部的北海测影所,外兴安岭北麓及今鄂霍次克海滨海地区,琉球,ABCDE,无,多选题
162,"元朝创造性地为大一统贡献了（	）等制度设计，将边疆地区有机纳入中央集权的治理之下。",土司制,宣政院,行省制,理藩院,,ABC,无,多选题
163,"元朝时期，哪些现象表明了多元一体的中华文明继续壮大？（	）",文化政策的反复,华化西域人的出现,夷夏对立观念不再是主流,族群等级划分,舍弓马而事诗书,BCE,无,多选题
164,"元朝是中国历史上第一个正式使用两种以上的书面语言来处理行政事务的朝代，（	）都是当时政府正式选用的公务语言。",蒙古语,契丹语,汉语,波斯语,,ACD,无,多选题
165,"元朝时期，哪些政策或制度对农牧两大区域的整合作用是显而易见的？（	）",招募富民商人运粮,官粮调配政策,官方在中原地区设置官牧场,世袭性职业身份制度,农牧区域的农耕屯田面积扩大,ABCE,无,多选题
166,"元朝时期，哪些措施促进了国内各族群之间在语言文化上的交往交流交融？（	）",保持专门从事不同语言互译工作的译吏队伍,推广使用杂糅蒙汉双语语法特征的全新汉文硬译公牍文体,使用多种书面语言处理行政事务,创制并推广八思巴文,限制各族群之间的交流,ABCD,无,多选题
167,"元代多民族文化的交融不仅体现在南北地理轴线上汉人与（	）之间的深度互动方面，而且体现在东西方向上汉人与（	）、（	）的互通有无上。",西域畏兀儿人,青藏高原藏人,蒙古人,南人,,ABC,无,多选题
168,"元朝统一全国的过程中，哪些政权被终结？（	）",吐蕃,西夏,西辽,金,南宋,ABCDE,无,多选题
169,"元朝恢复科举取士制度的社会作用主要包括（	）。",为汉人儒士阶层提供了向上流动的可能,淡化了原本存在的族群隔阂,培育了具有共同文化理念的多族群士人圈,促成了统治集团内部的社会流动,推动蒙古、色目青年子弟深入研习儒家文化,ABCDE,无,多选题
170,"下列说法错误的是（	）。",明朝为更好地统一南方各族，将云贵两省正式纳入王朝建制,明朝的边疆治理政策较为灵活，它扩展了都司、卫、所中的羁縻武职制度,对来降的北元官吏，朱元璋通常都授予文武官职,明朝并不承认元朝是天授正统,,D,无,单选题
171,"明朝时期，（	）的诞生成为儒学发展史上的一个重要转折点。",程朱理学,阳明心学,墨家学说,法家学说,,B,无,单选题
172,"明朝对中华民族的交往交流交融采取了（	）。",严格的等级制度,排斥外来文化政策,闭关锁国政策,更为开明的族群政策,,D,无,单选题
173,"（	）在明代逐渐成为蒙古各部的信仰，西藏也深受蒙古诸部政治文化的影响。",伊斯兰教,儒教,藏传佛教,基督教,,C,无,单选题
174,"16 世纪中叶，（	）不仅在社会流通领域成为主币，而且在国家财政体系中成为主要征收形态。",黄金,铜钱,白银,纸币,,C,无,单选题
175,"元明之际，《三国演义》和《水浒传》相继成书，明后期又涌现出（	）及“三言二拍”等各类小说作品。",《金瓶梅》,《西游记》,《儒林外史》,《红楼梦》,,B,无,单选题
176,"明朝初期与北元政权的关系是（	）。",紧密合作,隔大漠南北分立,完全统一,完全对立,,B,无,单选题
177,"郑和下西洋推动了（	）的繁荣发展，朝贡贸易进入鼎盛时期。",海上丝绸之路,陆上丝绸之路,河西民族走廊,草原丝绸之路,,A,无,单选题
178,"明代也是大陆人口移居海岛的重要时期，福建等地的汉人大规模迁居（	）。",台湾岛,南沙群岛,海南岛,西沙群岛,,A,无,单选题
179,"（	）是土司制度的全盛时期，又是土司制度走向崩溃的起点。",明朝,宋朝,元朝,唐朝,,A,无,单选题
180,"通过（	）等制度，明朝与蒙古诸部、亦力把里等地方政权虽有争战，但始终保持着密切的政治、经济联系，共同维护以明朝为主体的中国疆域。",藩属,朝贡,土司,卫所,羁縻,BDE,无,多选题
181,"明军反复宣传（	）的主张，旗帜鲜明地宣扬“天下一家”的立场。",姓氏虽异,驱逐胡虏,华夷无间,抚字如一,,ACD,无,多选题
182,"明朝时期，人口快速增长与（	）的传入有关。",辣椒,番薯,茄子,玉米,,BD,无,多选题
183,"明代在边疆地区的屯田包括哪些形式？（	）",军屯,民屯,番屯,商屯,,ABD,无,多选题
184,"明朝主导了中国历史上（	）的官方移民。",人数最少,规模最大,历时最长,范围最广,,BCD,无,多选题
185,"下列说法正确的是（	）。",在边疆人民的心目中，明朝皇帝也兼有草原可汗、百姓的文殊菩萨和转轮圣王、伊斯兰教庇护者等多种身份,明朝时期，西域与中原之间始终存在着紧密联系，特别是语言文字方面的交流与互通一直存在,除了海上丝绸之路的开通外，明代陆上丝绸之路依旧发挥着重要作用,明代统治者开放包容的宗教政策，深刻地推动了伊斯兰教中国化的进程,,ABCD,无,多选题
186,"在明代（	）等浪潮中，中华文明与世界其他文明不断交流互鉴，中华文明在兼收并蓄中历久弥新。",伊儒会通,西学东渐,白银流通,郑和下西洋,,ABD,无,多选题
187,"明朝时期，（	）是农牧经济互相依存的最好体现。",封贡互市,交错杂居,边疆屯田,茶马贸易,,AD,无,多选题
188,"明朝时期，哪些因素促进了边疆开发进程？（	）",边疆屯田,白银流通,商品经济繁荣,新作物传入,农牧经济交融,ABCDE,无,多选题
189,"清朝将联姻作为巩固统治的重要手段，其中（	）联姻是清朝长期推行的一项国策。",满蒙,蒙汉,满汉,夷夏,,A,无,单选题
190,清朝在（ ）地区实行盟旗制度。,西南,东南沿海,东北,北疆和西北,,D,无,单选题
191,"在对西藏的治理方面，清朝强化了制度性管辖，建立（	）。",驻藏大臣制度,郡县制,土司制度,分封制,,A,无,单选题
192,"中央设置的（	），最初以处理蒙古事务为主，后逐步扩展至新疆、青海、西藏等区域。",理藩院,大理寺,都察院,宣政院,,A,无,单选题
193,清朝（ ）时期，台湾重回祖国怀抱。,顺治,雍正,乾隆,康熙,,D,无,单选题
194,"清朝发布《钦定藏内善后章程》二十九条，作为治藏政策准则，其中第一条即为(	)，之后成为藏传佛教最为重要的宗教仪轨和历史定制。",驻藏大臣制度,册封制度,活佛转世制度,金瓶掣签制度,,D,无,单选题
195,清朝在（ ）地区实行军府伯克制。,新疆,西南,东北,蒙古,,A,无,单选题
196,"清代通行全国的只有（	），这成为清朝边疆族群治理法规统一化的标志。",《西藏通制》,《大清律》,《回疆则例》,《蒙古律例》,,B,无,单选题
197,"以 1840 年鸦片战争为界线，其前属中国传统封建社会，是中华民族自在发展的最后阶段；其后属半殖民地半封建社会，中华民族从自在开始走向（	）。",自信,自强,自立,自觉,,D,无,单选题
198,"雍正朝进一步实行（	）改革，将历代相沿的丁银并入田赋，统一征收。",“两税法”,“摊丁入亩”,一条鞭法”,“初税亩”,,B,无,单选题
199,清朝（ ）时期，土尔扈特部回归祖国。,乾隆,雍正,康熙,顺治,,A,无,单选题
200,"（	）在游牧人群中需求较大，是内地销往西藏地区的第一大宗商品，销往蒙古和西域的第二大宗商品。",棉线,布匹,茶叶,马匹,,C,无,单选题
201,"明清之际，蒙古高原以大漠为界，分为（	）。",漠东,漠西,漠南,漠北,,BCD,无,多选题
202,"有清一代，中原等地因人口激增而地力有限，民众背井离乡，远赴蒙古、东北等边疆地区谋生，（	）是其中主要途径。",“跑口外”,“走西口”,“下南洋”,“闯关东”,,ABD,无,多选题
203,清朝前中期，哪些措施体现了对边疆地区的有效治理？（ ）,建立驻藏大臣制度,推行改土归流,设立理藩院,实行军府伯克制,实行盟旗制度,ABCDE,无,多选题
204,"统一新疆后，清政府推行“屯垦开发、以边养边”的政策，以（	）等方式发展屯田。",回屯,兵屯,旗屯,遣屯,户屯,ABCDE,无,多选题
205,"以下哪个不是中华民族从自在走向自觉的表现？（	）",坚定了共御外侮的决心,减少了对现代国家构建的探索,加强了对血脉相连的体认,深化了对命运与共的感知,,B,无,单选题
206,"以下哪个不是“中华民族”话语出现的思想动力？（	）",清政府的自我强化,西方民族国家学说的传播,近现代中国认同的生成与加强,反抗列强的侵略和压迫,,A,无,单选题
207,"梁启超在（	）年正式提出“中华民族”概念。",1905,1902,1900,1903,,B,无,单选题
208,"中华民国成立于哪一年？（	）",1911 年,1921 年,1910 年,1912 年,,D,无,单选题
209,"以下哪个事件标志着辛亥革命的开端？（	）",广州起义,黄花岗起义,武昌起义,秋收起义,,C,无,单选题
210,"中日甲午战争爆发后，日本侵略者在辽东等地烧杀抢掠，当地的汉、满、朝鲜等族民众自发组织民团，以（	）为单位，英勇抗击日寇，无论壮夫老弱，均死战不降。",乡镇,抗日救国会,村屯,工会,,C,无,单选题
211,1689 年，清政府在与沙俄签订《尼布楚条约》时，首次将（ ）作为正式国家名称使用。,“清朝”,“中华”,“满洲”,“中国”,,D,无,单选题
212,"1884 年，清政府在（	）建省，将其纳入与内地省份一致的行政管理体制。",云南,新疆,西藏,广西,,B,无,单选题
213,"19 世纪 60 年代起，以曾国藩、李鸿章等为代表的洋务派掀起了以（	）“求富”为主旨的洋务运动。",“变法”,“保种”,“保国”,“自强”,,D,无,单选题
214,"中华民国继承了清朝的疆域，将（	）作为解决民族问题的总原则。",“多元一体”,民族平等,大一统,“五族共和”,,D,无,单选题
215,"从 1840 年鸦片战争开始至 1919 年五四运动爆发，是中国近代史上的（	）时期。",旧民主主义革命,民国,共和国,清帝国,,A,无,单选题
216,"以下哪些是晚清政府的“自救”运动？（	）",预备立宪,辛亥革命,维新运动,戊戌变法,洋务运动,ACDE,无,多选题
217,"以下哪些是晚清以来社会文化发展的表现？（	）",各族在婚俗、语言、服饰、饮食、建筑、节庆等方面的深度交融,交通工具和传播媒介的改进,八旗制度的强化,多族群的共同生产生活,现代文教事业的发展,ABDE,无,多选题
218,"辛亥革命后，中华民国采取了哪些措施以促进民族融合？（	）",联合五大民族共同发展,强调蒙、藏、回疆各地方同为国家领土,强调蒙、藏、回疆各地方之民族俱为国民,成立蒙藏事务局,将“五族共和”作为解决民族问题的总原则,ABCDE,无,多选题
219,"以下哪些是清末民初时期中央与地方的经济联系？（	）",科举考试,邮政服务,铁路建设,商贸网络的发展,电报通信,BCDE,无,多选题
220,"（	），卢沟桥事变发生，日本发动全面侵华战争，中华民族面临亡国的严重危险。",1939 年,1938 年,1940 年,1937 年,,D,无,单选题
221,"解放战争时期，中国共产党人开始明确将（	）作为解决民族问题的基本方略。",民族团结,民族合作,民族区域自治,民族融合,,C,无,单选题
222,"第一次国共合作正式形成是在（	）后。",五四运动,国民党一大,二七惨案,卢沟桥事变,,B,无,单选题
223,"下列说法错误的是（	）。",中国共产党是引领中华民族走出百年深渊、开启百战重生的坚强领导力量,中国共产党是中华民族先锋队,在领导内蒙古自治运动的过程中，中国共产党意识到，用联邦制解决民族问题存在着被大国操纵和利用的隐患，也可能存在国家分裂的巨大风险,中国共产党一经成立就明确将民族区域自治作为解决民族问题的基本途径,,D,无,单选题
224,"五四运动爆发的时间是（	）。",1927 年,1915 年,1919 年,1921 年,,C,无,单选题
225,"“三三制”抗日民主政权建设是在（	）首先实施的。",东北抗日联军根据地,井冈山根据地,瑞金苏区,陕甘宁边区,,D,无,单选题
226,"以下哪项是中国共产党在抗日战争时期的政策？（	）",社会主义三大改造,建立抗日民族统一战线,建立苏维埃政权,反对国民党,,B,无,单选题
227,"党的二大提出了（	）纲领。",社会主义革命,明确的反帝反封建的民主革命,土地革命,新民主主义革命,,B,无,单选题
228,"中国共产党在（	）年成立。",1949,1927,1921,1919,,C,无,单选题
229,在（ ）时期，全民族共同抗争、共同流血、共同胜利，中华民族成为全国各民族、各地区、各阶层、各党派共同高度认同的精神情感皈依，中华民族整体的自觉意识得到了空前强化。,抗日战争,辛亥革命,北伐战争,解放战争,,A,无,单选题
230,"1922 年，党的二大把（	）作为党的原则之一。",民族富强,民族自治,民族团结,民族平等,,D,无,单选题
231,"1919 年五四运动爆发至 1949 年中华人民共和国成立，是中国近代史中的（	）。",新民主主义革命时期,旧民主主义革命时期,社会主义革命时期,改革开放时期,,A,无,单选题
232,"下列哪些是中国共产党在抗日战争期间采取的措施？（	）",动员全民族抗战,发动南昌起义,推动国共合作,开展“三三制”抗日民主政权建设,提出抗日民族统一战线,ACDE,无,多选题
233,自从有了中国共产党，中华民族便有了最先进的政治领导力量，中国革命便有了正确的前进方向，中国人民便踏上了争取（ ）和实现（  ）的光明道路。,民族独立,人民解放,国家富强,人民幸福,,ABCD,无,多选题
234,"长征期间，中国共产党与少数民族之间发生了哪些事件？（	）",红军总政治部发布《关于对苗瑶民的口号》,红军与清真寺主教互赠礼物,刘伯承与彝族首领小叶丹歃血为盟,毛泽东在井冈山会见藏族代表,五世格达活佛支持红军,ABCE,无,多选题
235,中国共产党始终注重培养少数民族干部。党创办的延安民族学院，在进行文化知识教育的同时，还进行（ ），造就了一大批有强烈的中华民族整体意识、勇担中华民族解放和推动国家发展建设使命的优秀人才。,宣传党的民族平等政策,爱国主义教育,宣传相互尊重民族风俗习惯的政策,宣传宗教信仰自由政策,,ABCD,无,多选题
236,"近代以后，（	）是压迫中国人民和中华民族的“三座大山”。",殖民主义,官僚资本主义,封建主义,帝国主义,,BC,无,多选题
237,"下列关于少数民族优惠政策的论述错误的是（	）。",支持民族地区教育发展，大力培养少数民族学生,加强对少数民族干部的培养和使用,对少数民族实行较为宽松的计划生育政策,设立文化产业发展专项资金,,D,无,单选题
238,"新中国成立后，（	）通过“十七条协议”实现了和平解放。",新疆,内蒙古,西藏,广西,,C,无,单选题
239,"《中国人民政治协商会议共同纲领》简称为（	）。",《临时宪法》,《共同纲领》,《建国纲领》,《政协章程》,,B,无,单选题
240,"民族区域自治制度与苏联的加盟共和国模式不同，是在实施中央集权的单一制国家结构形式下，在国家统一领导下，各少数民族聚居的地方实行（	）。",文化自治,政治自治,民族自治,区域自治,,D,无,单选题
241,"西藏和平解放的时间是（	）。",1959 年,1951 年,1949 年,1947 年,,C,无,单选题
242,"新中国成立后，（	）代行全国人民代表大会的职权。",中国人民政治协商会议,党的全国代表大会,中央政治局会议,国务院全体会议,,A,无,单选题
243,"1949 年 9 月中国人民政治协商会议第一届全体会议通过的（	）规定了中华人民共和国的国体和政体。",《中国人民政治协商会议共同纲领》,《中华人民共和国民族区域自治法》,《中华人民共和国宪法》,《中华人民共和国民族区域自治实施纲要》,,A,无,单选题
244,"国家投入大量资源，改善民族地区文化基础设施，培养传承民族优秀传统文化的专业人才，抢救濒危民族文化遗产，收集整理了（	）《江格尔》《玛纳斯》三大英雄史诗。",《贡布日传说》,《勇士谷诺干》,《乌古斯传》,《格萨尔王》,,D,无,单选题
245,"新中国成立后，党和国家依据马克思主义（	）原则与中国各民族具体实际，在民族地区开展了根本性的民主改革和社会主义改造。",民族平等,民族团结,民族互助,民族和谐,,A,无,单选题
246,"（	）是社会主义民族关系的主线。",互助,团结,平等,和谐,,B,无,单选题
247,"1996 年，中央确定（	）对口帮扶宁夏，对西海固地区特别是少数民族贫困群众开展帮扶，形成了汉族帮少数民族、多地帮宁夏一域、多数人帮少数人的局面，走出了东部扶持西部、共同繁荣之路。",山东,广东,福建,浙江,,C,无,单选题
248,民族区域自治制度体现了马克思主义民族理论与中华治理传统的结合，坚持了统一与自治的结合，突出了（ ）的结合，既能有效加强国家的集中统一，又能切实保证各族人民共同当家作主。,民族因素与文化因素,民族因素与区域因素,民族因素与经济因素,民族因素与政治因素,,B,无,单选题
249,"2005 年召开的中央民族工作会议，正式提出社会主义民族关系的（	）原则。这是对我国民族关系认识的重要发展。",团结,互助,平等,和谐,,D,无,单选题
250,"新中国成立后，（	）决策标志着党和国家工作中心的转移。",一五计划,经济建设,抗美援朝,改革开放,,D,无,单选题
251,"新中国成立后，（	）的胜利表明了中国人民站起来后屹立于世界东方。",抗日战争,抗美援朝战争,越南战争,解放战争,,B,无,单选题
252,"新中国成立后，（	）的农奴制被废除。",维吾尔族,藏族,蒙古族,汉族,,B,无,单选题
253,"在社会主义革命和建设时期，中国共产党采取了（	）措施。",社会主义改造,确立和发展社会主义民族关系,实行改革开放,民族区域自治,民主改革,ABDE,无,多选题
254,"新中国成立至党的十八大期间，以下事件体现了国家统一的进程的是（	）。",恢复对香港行使主权,海峡两岸达成“九二共识”,中国人民解放军进驻新疆,和平解放西藏,恢复对澳门行使主权,ABCDE,无,多选题
255,"（	）是社会主义民族关系区别于几千年来不平等民族关系的根本标志。",互助,平等,团结,和谐,,ABCD,无,多选题
256,"新中国成立后，以下政策或措施有助于推动中华民族共同体建设的是（	）。",改革开放,民主改革,民族区域自治,推广普及国家通用语言文字,社会主义改造,ABCDE,无,多选题
257,"民族自治地方的建立充分体现各民族“（	）”的人口分布格局。",交错居住,小聚居,大杂居,分散杂居,,ABC,无,多选题
258,"1954 年 9 月，一届全国人大一次会议通过了《中华人民共和国宪法》，这是一部社会主义类型的宪法，体现了（	）。",民族团结原则,民族平等原则,社会主义原则,人民民主原则,,CD,无,多选题
259,"(	)成为中国向西开放的重要窗口和丝绸之路经济带核心区。",内蒙古,云南,新疆,西藏,,C,无,单选题
260,"中国式现代化强调(	)相协调。",科技创新和社会稳定,政治改革和文化传承,物质文明和精神文明,经济发展和环境保护,,C,无,单选题
261,"习近平总书记在(	)上首次提出中华民族共同体意识概念。",党的十九大,全国民族团结进步表彰大会,第二次中央新疆工作座谈会,中央民族工作会议,,C,无,单选题
262,"党的十九大报告中，(	)概念被写入党章。",“铸牢中华民族共同体意识”,“国家意识”,“民族区域自治”,“公民意识”,,A,无,单选题
263,"(	)形成面向南亚的战略枢纽和开放门户。",新疆,广西,云南,西藏,,D,无,单选题
264,"新时代党的民族工作的主线是(	)。",社会稳定,文化繁荣,经济发展,铸牢中华民族共同体意识,,D,无,单选题
265,"（	）是中华民族共同体建设的强大根基和超大动能。",人与自然和谐共生的现代化,人口规模巨大的现代化,物质文明和精神文明相协调的现代化,全体人民共同富裕的现代化,,B,无,单选题
266,我国已基本形成了以（ ）为根本，以（ ）为主干，包括相关法律、行政法规等较为系统的民族工作法律法规体系，进一步夯实了依法治理民族事务、保障各族合法权益的法治基础，确保中央政令畅通和政治团结统一。,宪法 民法,民族区域自治法 宪法,宪法 行政法,宪法 民族区域自治法,,D,无,单选题
267,"党和国家充分发挥(	)的新型举国体制优势，通过对口援助和区域协作，积极支持民族地区经济社会大发展。",民族区域自治制度,中国特色社会主义制度,基层群众自治制度,人民代表大会制度,,B,无,单选题
268,"（	）是中国式现代化区别于西方现代化的显著标志。",阶层对立,贫困种族化,共同富裕,贫富分化,,C,无,单选题
269,"(	)构建面向东盟的国际大通道。",云南,广西,贵州,宁夏,,B,无,单选题
270,"中华民族由各族融聚而成，既包容了各族语言、文化、风俗、习惯的不同特点，又有着统一的（	）。",政治统一性和民族实体性,政治统一性和民族同质性,政治主体性和民族同质性,政治主体性和民族实体性,,D,无,单选题
271,"民族工作是做人的工作，最关键的是搞好（	），最管用的是（	）。",民族团结 争取人心,民族平等 民族团结,争取人心 民族团结,民族平等 争取人心,,A,无,单选题
272,"（	），是中华民族共同体建设的鲜明特色和重要保障。",人与自然和谐共生的现代化,物质文明和精神文明相协调的现代化,全体人民共同富裕的现代化,人口规模巨大的现代化,,B,无,单选题
273,"新时代党的民族工作的基本方法包括(	)。",坚持问题导向,坚持系统观念,坚持自信自立,坚持人民至上,坚持守正创新,ABCDE,无,多选题
274,"（	）仍然是危害中华民族共同体建设的重大隐患，严重威胁民族团结、社会稳定、国家统一。",民族分裂活动,宗教极端活动,暴力恐怖活动,民族破坏活动,,ABC,无,多选题
275,"中华民族共同体建设面临的新挑战有(	)。",文化多样性保护问题,社会主义民族关系面临挑战,中华民族伟大复兴面临挑战,外部干预渗透问题,中华民族根本利益面临挑战,BCE,无,多选题
276,"习近平总书记根据党的民族工作新的阶段性特征，强调要聚焦主线、抓好重点工作。以下内容属于重点工作的有（	）。",坚持党的领导，巩固各民族团结奋斗的共同思想政治基础,立足中华民族悠久历史，建构科学完备的中华民族共同体理论体系,着眼建设中华民族现代文明，不断构筑中华民族共有精神家园,促进各民族广泛交往交流交融，以中华民族大团结促进中国式现代化,讲好中华民族故事，大力宣介中华民族共同体意识,ABCDE,无,多选题
277,"属于文化上更加创新交融表现的是(	)。",各民族共享中华文化符号和中华民族形象,各民族传统文化孤芳自赏,国家通用语言文字教育的普及,文化建设的制度保障不断强化,中华优秀传统文化不断创造性转化与创新性发展,ACDE,无,多选题
278,在以习近平同志为核心的党中央的领导下，中华民族共同体建设取得的新成就包括,文化上更加创新交融,经济上更加共富共享,政治上更加团结统一,生态文明上更加持续发展,社会上更加互嵌共融,ABCDE,无,多选题
279,"当前存在的一些思想认识误区和错误观点是指（	）。",把汉族等同于中华民族，把少数民族外化于中华民族,宣扬各种版本的“去中国化”错误史观,僵化、片面地理解马克思主义民族理论核心要义,照抄照搬西方民族国家理论,,ABCD,无,多选题
280,"中国式现代化开创的人类文明新形态的特点包括(	)。",构建文明发展新格局,以上都是,倡导文明发展新原则,开辟文明发展新路径,,B,无,单选题
281,"2023 年 3 月，习近平总书记在中国共产党与世界政党高层对话会上发表主旨讲话，首次提出（	），倡导不同文明包容共存、交流互鉴。",“一带一路”倡议,全球发展倡议,全球文明倡议,全球安全倡议,,C,无,单选题
282,"人类文明新形态调整文明发展新关系。中国道路打破了（	），这为促进多元文明交流互鉴提供了新的力量。",“文明冲突论”,“西方中心论”,“历史终结论”,“国强必霸论”,,A,无,单选题
283,进入新时代以来，着眼于建设中华民族现代文明，构建包括民族学在内的中国自主知识体系，中国理论政策界和知识界开始力图摆脱西方概念和话语的影响，探索建立以( )为核心的中国特色民族理论和话语体系。,中华民族共同体理论,民族自决,多元一体理论,第二代民族政策,,A,无,单选题
284,"中西文明之间绝非（	）关系，其共识远远多于差异，即便有差异，也是交流互鉴的动力，而非彼此对立的借口。",“文明冲突”,“文化冲突”,“文明互斥”,“交流互鉴”,,A,无,单选题
285,"人类命运共同体理念的提出者是(	)。",江泽民,毛泽东,邓小平,习近平,,D,无,单选题
286,"从政党治理看，中国共产党领导的（	），彰显了一种协商合作型的政党文明新形态。",民族区域自治制度,基层群众自治制度,多党合作和政治协商制度,人民代表大会制度,,C,无,单选题
287,"（	）是全链条、全方位、全覆盖的民主，始终面向人民的公共意志，真正体现了以人民为中心的发展思想。",人民民主,全人类民主,全过程人民民主,党内民主,,C,无,单选题
288,"从法治实践看，中国实行（	），注重法律效果与社会效果相一致；注重法律系统与政治、道德、社会诸系统的伦理协调与功能互济，追求整体化的治理效果和人民的认同。",依宪治国,依法治国,以宪治国,以法治国,,B,无,单选题
289,"西方所谓的“基于规则的国际秩序”以所谓“普世文明”标准自居。实际上奉行(	)，歧视其他文明及其秩序模式并凌驾其上，企图构建和维系一种霸权性质的全球治理秩序。",全球主义,后殖民主义,多元文化主义,西方中心主义,,D,无,单选题
290,"中国共产党始终将（	）作为民族理论与民族政策一以贯之的核心主旨，具体政策措施可以变，但核心主旨不会变。",“国家统一、民族团结”,铸牢中华民族共同体意识,中国特色社会主义道路,民族区域自治,,A,无,单选题
291,"人类命运共同体理念的首次提出是在(	)。",上海合作组织峰会,莫斯科国际关系学院,联合国大会,中国共产党全国代表大会,,B,无,单选题
292,"进入 21 世纪以来，随着经济全球化深入发展，以（	）为代表的新兴市场国家和发展中国家国际影响力不断增强，从根本上改变了国际力量对比。",中国,俄罗斯,印度,巴西,,A,无,单选题
293,"一个（	）的世界，是中华民族同世界各国人民携手构建人类命运共同体的共同愿景。",持久和平,普遍安全,清洁美丽,开放包容,共同繁荣,ABCDE,无,多选题
294,"为推动发展合作，实现共同发展，中国呼吁共建（	）的全球发展伙伴关系，深化务实合作，同各国分享发展经验，为各国实现可持续发展提供助力。",平等,团结,普惠,均衡,,ABCD,无,多选题
295,"中国共产党始终与时俱进优化民族治理理念，将（	）融会贯通，推动建设更高质量融聚发展的中华民族共同体。",全人类共同价值,区域因素,民族因素,国家利益因素,文明因素,ABCDE,无,多选题
296,"以下哪些是构建人类命运共同体的主要内涵？(	)",开放创新、包容互惠的发展前景,平等相待、互商互谅的伙伴关系,尊崇自然、绿色发展的生态体系,和而不同、兼收并蓄的文明交流,公道正义、共建共享的安全格局,ABCDE,无,多选题
